timestamp,trade_price,trade_volume,direction
1751798547343006560,100.0152,33,buy
1751798547343503002,99.9838,61,sell
1751798547344004101,100.0305,27,buy
1751798547344504291,99.9532,14,sell
1751798547345008008,99.9305,31,sell
1751798547345508449,99.9189,78,buy
1751798547346010022,99.9137,76,sell
1751798547346502924,99.9298,56,buy
1751798547347007281,100.0712,30,sell
1751798547347507460,99.9421,92,buy
1751798547348001863,100.0469,49,buy
1751798547348503306,100.0188,36,sell
1751798547349010045,99.9244,51,buy
1751798547349509518,100.0179,69,buy
1751798547350005082,100.0047,60,sell
1751798547350508509,100.0617,50,sell
1751798547351001113,100.0953,40,buy
1751798547351504259,100.0171,68,sell
1751798547352001873,99.9536,99,buy
1751798547352506133,99.9674,17,sell
1751798547353003323,99.952,47,buy
1751798547353504826,100.0833,13,sell
1751798547354004675,99.9703,70,buy
1751798547354502431,99.9867,38,buy
1751798547355007370,99.9972,9,sell
1751798547355505131,99.984,9,buy
1751798547356001264,99.9145,98,buy
1751798547356505968,99.9297,31,buy
1751798547357005376,100.0141,31,sell
1751798547357508555,99.9493,16,sell
1751798547358008561,99.9104,42,buy
1751798547358509834,99.9834,96,sell
1751798547359002298,100.0217,5,sell
1751798547359505363,100.0953,89,buy
1751798547360006254,100.0553,60,buy
1751798547360507774,100.085,1,buy
1751798547361006499,99.9489,38,sell
1751798547361504279,99.9287,56,sell
1751798547362002930,99.9635,8,buy
1751798547362509731,99.9419,21,buy
1751798547363008289,100.0842,46,sell
1751798547363501124,100.0451,92,buy
1751798547364006872,100.0758,35,sell
1751798547364509673,99.9869,42,buy
1751798547365003692,100.0888,74,sell
1751798547365501332,99.983,10,buy
1751798547366006062,99.9456,10,sell
1751798547366505452,100.0188,86,sell
1751798547367007934,99.9969,43,sell
1751798547367503278,99.9643,72,sell
1751798547368005122,99.9455,1,buy
1751798547368503571,99.9876,70,sell
1751798547369001427,100.011,13,sell
1751798547369509035,99.9114,65,sell
1751798547370001387,100.0126,50,sell
1751798547370508312,100.0765,94,sell
1751798547371009052,100.0337,83,sell
1751798547371508523,99.9526,41,buy
1751798547372004284,100.0486,8,buy
1751798547372508134,99.9854,10,sell
1751798547373008143,100.0513,1,buy
1751798547373505764,100.0971,56,sell
1751798547374004542,100.0438,20,buy
1751798547374503855,100.0798,46,sell
1751798547375003456,99.9485,70,buy
1751798547375509653,100.0537,69,buy
1751798547376005664,99.9616,41,sell
1751798547376502093,99.9963,40,sell
1751798547377005771,99.9458,82,sell
1751798547377508203,100.0627,62,buy
1751798547378007813,100.0874,46,sell
1751798547378503761,100.0699,68,sell
1751798547379009183,100.0755,18,buy
1751798547379509825,99.9776,42,buy
1751798547380008934,99.9693,8,sell
1751798547380507498,99.9611,89,sell
1751798547381007388,100.0725,21,buy
1751798547381506012,99.9888,80,sell
1751798547382005001,100.044,26,buy
1751798547382503994,99.9754,54,buy
1751798547383005211,99.9998,39,sell
1751798547383505796,99.9385,45,buy
1751798547384009575,99.9717,67,sell
1751798547384504120,99.9649,54,buy
1751798547385009383,100.0129,49,buy
1751798547385505421,99.9462,63,sell
1751798547386002372,100.0253,95,sell
1751798547386503127,99.9389,71,sell
1751798547387005435,100.0355,38,buy
1751798547387503702,99.904,97,sell
1751798547388008513,99.922,78,buy
1751798547388503613,99.9129,22,buy
1751798547389007493,100.0963,96,buy
1751798547389506795,100.0086,36,sell
1751798547390005563,100.0037,66,buy
1751798547390503420,100.097,97,buy
1751798547391003348,99.9059,31,sell
1751798547391504404,100.0808,15,sell
1751798547392007249,99.9731,8,sell
1751798547392501642,100.0668,61,buy
1751798547393006087,100.0216,75,buy
1751798547393503692,100.0367,39,sell
1751798547394008119,99.9876,1,buy
1751798547394509819,100.0682,39,sell
1751798547395006201,99.918,80,sell
1751798547395501146,99.9338,3,sell
1751798547396003377,99.9289,54,buy
1751798547396508163,100.0182,16,buy
1751798547397009083,99.9536,54,sell
1751798547397507498,100.0924,6,buy
1751798547398002655,99.9616,91,buy
1751798547398509038,100.0291,89,buy
1751798547399007445,99.9059,34,buy
1751798547399507812,99.9327,67,buy
1751798547400005542,100.0346,99,sell
1751798547400501784,99.9544,46,buy
1751798547401004914,100.0942,46,sell
1751798547401501801,100.0013,63,sell
1751798547402005928,99.9138,83,sell
1751798547402509208,99.9073,28,buy
1751798547403008375,99.9374,2,sell
1751798547403506784,100.0758,17,buy
1751798547404002858,100.0326,98,buy
1751798547404506407,100.09,6,buy
1751798547405009799,100.0333,1,sell
1751798547405508175,99.9401,17,sell
1751798547406003691,100.0407,46,sell
1751798547406505912,100.0931,77,sell
1751798547407009696,99.9389,97,sell
1751798547407508324,99.9708,48,sell
1751798547408002168,99.904,37,buy
1751798547408507682,99.9342,9,sell
1751798547409003605,99.9441,61,buy
1751798547409505400,99.9939,50,sell
1751798547410003200,99.9511,48,sell
1751798547410505449,99.9193,16,sell
1751798547411001646,99.9176,97,buy
1751798547411503341,99.9573,72,buy
1751798547412005176,99.9962,85,sell
1751798547412503505,99.9314,36,buy
1751798547413004804,100.0232,34,sell
1751798547413501453,100.0081,94,buy
1751798547414003936,99.951,24,sell
1751798547414503297,100.0201,2,sell
1751798547415007095,99.9796,53,buy
1751798547415502204,99.9707,3,sell
1751798547416005615,100.0483,16,buy
1751798547416509317,99.9411,45,sell
1751798547417003128,99.948,37,buy
1751798547417503015,100.0337,51,buy
1751798547418002083,100.0387,50,buy
1751798547418502639,100.0169,85,buy
1751798547419003807,100.0133,27,sell
1751798547419508716,99.9003,64,sell
1751798547420002687,99.9052,69,buy
1751798547420504464,99.9789,43,buy
1751798547421008006,100.0251,75,buy
1751798547421507200,100.015,80,sell
1751798547422007701,100.0785,13,sell
1751798547422505744,99.9819,54,sell
1751798547423002760,100.0853,90,sell
1751798547423504870,100.0928,13,sell
1751798547424005948,100.0372,75,sell
1751798547424503379,100.0638,19,sell
1751798547425007868,100.0329,33,buy
1751798547425509915,99.9813,53,sell
1751798547426005637,99.9294,93,sell
1751798547426506868,99.9535,6,sell
1751798547427005854,100.0861,52,buy
1751798547427506785,99.9885,56,sell
1751798547428006371,99.9854,43,sell
1751798547428503641,99.9952,77,buy
1751798547429004776,99.95,38,buy
1751798547429509538,99.9664,61,buy
1751798547430003991,100.0153,46,sell
1751798547430508088,100.0056,69,buy
1751798547431006695,100.0279,39,sell
1751798547431501832,100.0875,1,sell
1751798547432002600,99.9992,34,buy
1751798547432506255,100.0122,59,buy
1751798547433007390,99.9972,69,sell
1751798547433507185,99.9664,23,sell
1751798547434001800,100.0018,57,sell
1751798547434508530,100.0387,36,sell
1751798547435003173,99.9529,79,sell
1751798547435509486,99.9822,82,buy
1751798547436007193,99.9861,57,sell
1751798547436508804,99.919,29,sell
1751798547437008532,100.0628,91,buy
1751798547437506066,100.0998,60,sell
1751798547438004400,99.9659,56,sell
1751798547438509198,100.0038,45,buy
1751798547439004714,100.0231,90,buy
1751798547439503438,100.087,83,sell
1751798547440001434,99.9211,93,buy
1751798547440506683,99.9109,74,sell
1751798547441005044,99.9567,77,buy
1751798547441504526,99.9685,99,buy
1751798547442008341,99.95,43,buy
1751798547442502285,100.0466,74,sell
1751798547443006513,100.0457,34,sell
1751798547443504799,100.0371,23,sell
1751798547444009712,100.0364,37,sell
1751798547444507733,99.9119,86,sell
1751798547445005905,99.9837,64,sell
1751798547445503964,100.0991,80,sell
1751798547446001682,99.9044,10,sell
1751798547446501296,99.9939,38,buy
1751798547447004962,99.9978,40,sell
1751798547447508189,100.0315,46,buy
1751798547448001325,99.9106,5,sell
1751798547448507136,99.9415,29,sell
1751798547449002980,99.9808,87,buy
1751798547449507765,99.9216,19,sell
1751798547450007995,99.9819,91,sell
1751798547450502606,99.935,37,buy
1751798547451003047,99.9689,97,buy
1751798547451509009,100.004,2,buy
1751798547452005430,100.0136,26,sell
1751798547452504216,99.9841,67,sell
1751798547453007729,99.9915,55,sell
1751798547453502499,99.9264,78,sell
1751798547454007909,100.0343,94,sell
1751798547454506349,99.9247,32,buy
1751798547455002313,99.9891,37,buy
1751798547455501990,99.9451,59,buy
1751798547456008493,99.9498,50,buy
1751798547456505369,99.9189,77,sell
1751798547457001960,100.0466,90,buy
1751798547457509155,99.9326,72,buy
1751798547458001963,100.0761,58,sell
1751798547458509412,100.039,35,sell
1751798547459004459,99.9442,5,sell
1751798547459508217,99.9949,48,sell
1751798547460007375,100.0546,47,sell
1751798547460501282,100.0101,88,sell
1751798547461006788,100.0965,57,sell
1751798547461501760,99.9061,46,buy
1751798547462007002,99.9816,91,sell
1751798547462505047,100.0354,42,buy
1751798547463006279,99.9399,27,sell
1751798547463504437,100.0501,68,sell
1751798547464003507,100.0846,26,buy
1751798547464509013,99.9763,29,sell
1751798547465004858,100.0498,73,sell
1751798547465504325,99.985,79,sell
1751798547466005258,100.0036,35,sell
1751798547466509154,99.9451,99,sell
1751798547467007096,100.0986,49,buy
1751798547467503534,100.0052,6,buy
1751798547468001078,100.0786,68,sell
1751798547468502451,99.9587,42,buy
1751798547469004325,99.9691,46,buy
1751798547469505249,100.0001,57,buy
1751798547470002283,99.9614,46,sell
1751798547470507738,99.9479,68,buy
1751798547471003032,99.9902,80,buy
1751798547471501816,100.0619,34,buy
1751798547472003651,99.9252,66,sell
1751798547472504581,99.9694,65,sell
1751798547473005810,99.9596,24,buy
1751798547473505817,100.0957,59,buy
1751798547474003922,100.0827,44,buy
1751798547474503542,99.9506,66,sell
1751798547475009705,100.0665,14,sell
1751798547475502465,99.9548,16,buy
1751798547476003916,99.9983,74,buy
1751798547476506319,99.9155,99,sell
1751798547477005607,99.9915,36,sell
1751798547477507405,99.9126,15,sell
1751798547478005446,99.9594,7,sell
1751798547478504882,99.9747,17,buy
1751798547479001530,99.9331,67,buy
1751798547479501475,100.0092,72,buy
1751798547480009085,99.998,65,buy
1751798547480504222,99.9168,28,sell
1751798547481003879,100.0141,26,sell
1751798547481506870,100.0226,6,buy
1751798547482002558,99.9623,78,buy
1751798547482503513,100.0239,67,buy
1751798547483009440,99.9838,4,sell
1751798547483510019,100.0065,5,sell
1751798547484006657,99.9846,34,sell
1751798547484505829,100.0201,82,sell
1751798547485005082,100.0946,6,sell
1751798547485505185,100.082,32,sell
1751798547486008434,99.9772,12,buy
1751798547486503126,100.0811,67,sell
1751798547487004823,100.0057,12,buy
1751798547487502947,100.0841,76,buy
1751798547488006879,99.9,21,sell
1751798547488508305,99.958,44,buy
1751798547489007439,99.9915,99,sell
1751798547489508275,100.0987,85,buy
1751798547490005481,100.0689,12,sell
1751798547490501097,99.9961,58,buy
1751798547491006661,99.9129,19,buy
1751798547491503026,100.0811,18,buy
1751798547492008601,99.924,83,buy
1751798547492509917,99.9179,55,buy
1751798547493002299,100.0473,41,buy
1751798547493509162,99.9095,76,buy
1751798547494010006,100.0111,75,sell
1751798547494502453,100.0951,36,buy
1751798547495006757,99.985,33,sell
1751798547495504765,99.907,75,sell
1751798547496001398,99.9527,84,sell
1751798547496501988,99.9993,75,sell
1751798547497004394,100.022,68,buy
1751798547497501819,100.0052,29,buy
1751798547498005955,99.9918,19,sell
1751798547498508514,99.963,20,buy
1751798547499009345,100.0345,74,sell
1751798547499506767,100.0149,86,sell
1751798547500005832,100.0072,77,sell
1751798547500504839,99.9694,59,buy
1751798547501009967,99.9338,78,sell
1751798547501506153,100.0249,21,buy
1751798547502002169,100.0435,4,buy
1751798547502506520,99.9928,87,buy
1751798547503008236,99.9055,43,buy
1751798547503506703,100.0343,70,buy
1751798547504001649,99.9013,72,buy
1751798547504506928,100.0641,34,sell
1751798547505001196,100.0999,87,sell
1751798547505504996,99.9074,7,buy
1751798547506008922,100.0923,37,buy
1751798547506505358,100.0911,27,sell
1751798547507002934,100.036,60,sell
1751798547507509413,99.9715,97,buy
1751798547508009796,100.0573,63,buy
1751798547508501717,99.9449,90,sell
1751798547509001289,99.9385,14,sell
1751798547509504905,99.9691,4,sell
1751798547510008905,99.9023,58,buy
1751798547510501415,100.0277,35,sell
1751798547511006148,100.0986,5,sell
1751798547511503062,100.0278,22,buy
1751798547512005289,100.0126,31,buy
1751798547512506849,99.9649,49,buy
1751798547513006679,99.9593,77,sell
1751798547513501205,99.926,17,buy
1751798547514005236,99.9887,47,sell
1751798547514506330,99.9796,82,sell
1751798547515003287,99.9882,57,buy
1751798547515507728,99.9275,85,sell
1751798547516007749,100.052,42,sell
1751798547516504354,99.9553,72,sell
1751798547517003893,99.9041,92,buy
1751798547517503657,100.006,34,sell
1751798547518008484,99.9896,25,sell
1751798547518503663,100.044,3,buy
1751798547519003139,99.9797,34,buy
1751798547519504959,99.9408,47,buy
1751798547520009042,99.9788,82,buy
1751798547520506140,99.9721,79,sell
1751798547521006242,100.0146,18,buy
1751798547521504730,99.91,51,sell
1751798547522005042,99.9895,42,sell
1751798547522503313,99.9551,79,buy
1751798547523007204,100.0997,63,sell
1751798547523506123,99.9537,1,sell
1751798547524006535,100.005,57,buy
1751798547524505870,100.0821,36,buy
1751798547525003522,99.9607,96,sell
1751798547525501657,99.9675,43,buy
1751798547526001165,100.0576,13,buy
1751798547526503855,100.0002,91,buy
1751798547527005044,100.0697,65,buy
1751798547527509624,99.9715,60,sell
1751798547528008140,100.0947,53,sell
1751798547528504333,100.0811,29,buy
1751798547529005612,99.9566,18,sell
1751798547529505650,99.9605,64,buy
1751798547530002188,100.0681,91,sell
1751798547530506767,99.986,37,buy
1751798547531002648,99.9145,26,sell
1751798547531506968,100.0835,27,buy
1751798547532006717,99.9381,22,buy
1751798547532502475,99.9157,21,buy
1751798547533003904,99.9351,64,sell
1751798547533506905,100.0004,91,sell
1751798547534005039,100.0088,75,sell
1751798547534508448,100.0693,77,sell
1751798547535003335,100.0361,43,buy
1751798547535508162,100.0388,86,sell
1751798547536002121,99.9314,19,buy
1751798547536508298,99.9197,59,buy
1751798547537008384,100.0636,13,buy
1751798547537501104,100.077,23,sell
1751798547538007703,99.9367,13,buy
1751798547538506343,99.9908,92,sell
1751798547539002538,100.0448,54,sell
1751798547539504751,100.0114,25,buy
1751798547540008200,100.0432,72,buy
1751798547540504249,99.962,53,sell
1751798547541006768,99.9779,33,sell
1751798547541505691,99.9278,91,buy
1751798547542007954,99.9246,82,sell
1751798547542507299,100.0237,54,buy
1751798547543001268,99.9729,16,sell
1751798547543501146,100.0446,83,sell
1751798547544008682,100.0274,65,buy
1751798547544506256,99.943,71,buy
1751798547545005661,99.9331,8,sell
1751798547545501287,99.9698,3,buy
1751798547546007018,100.0806,94,buy
1751798547546502341,100.0106,88,sell
1751798547547006191,100.0672,6,buy
1751798547547505629,99.9004,58,sell
1751798547548002039,99.9126,59,buy
1751798547548504293,100.0275,94,sell
1751798547549002231,99.9257,78,buy
1751798547549503710,99.9356,78,buy
1751798547550007558,100.0971,67,sell
1751798547550504414,99.9644,66,sell
1751798547551008539,99.9291,12,buy
1751798547551503310,100.0483,97,sell
1751798547552005342,100.0591,52,buy
1751798547552509062,99.9451,78,sell
1751798547553008059,99.9712,8,buy
1751798547553508885,99.91,40,sell
1751798547554008517,99.9908,22,buy
1751798547554502635,99.9525,37,buy
1751798547555005375,100.0457,68,sell
1751798547555507562,100.0993,8,sell
1751798547556002986,99.9694,93,sell
1751798547556504490,99.9824,80,sell
1751798547557006073,100.0295,28,buy
1751798547557504067,99.9701,8,sell
1751798547558006332,100.0183,43,sell
1751798547558508903,99.9485,27,sell
1751798547559009931,100.0154,59,sell
1751798547559503941,99.9467,75,buy
1751798547560006902,99.9344,37,buy
1751798547560503783,99.952,84,buy
1751798547561001659,99.9288,25,sell
1751798547561505954,100.0056,65,sell
1751798547562001993,99.9395,96,buy
1751798547562501887,99.9225,54,buy
1751798547563004538,100.0029,31,buy
1751798547563504987,99.9353,33,buy
1751798547564003625,100.0765,51,sell
1751798547564509988,100.0065,84,sell
1751798547565004794,99.9765,49,sell
1751798547565506985,100.0292,27,sell
1751798547566004110,100.0387,26,sell
1751798547566503452,100.0357,64,sell
1751798547567009350,99.903,68,sell
1751798547567508567,99.9431,92,sell
1751798547568009377,99.969,11,buy
1751798547568508699,99.9189,93,buy
1751798547569003244,100.0843,68,buy
1751798547569506668,99.9517,12,sell
1751798547570007414,100.0542,41,buy
1751798547570509546,99.9954,77,buy
1751798547571006225,99.9846,83,buy
1751798547571508868,100.0908,14,sell
1751798547572007553,100.097,68,sell
1751798547572505960,100.0934,26,sell
1751798547573004922,100.0153,33,buy
1751798547573502305,99.962,44,sell
1751798547574001289,100.0346,59,sell
1751798547574505614,100.0876,65,sell
1751798547575008891,99.9485,18,buy
1751798547575508891,99.9721,14,buy
1751798547576002024,100.0805,17,sell
1751798547576503646,100.081,88,sell
1751798547577003729,100.0365,58,buy
1751798547577504770,99.9334,50,buy
1751798547578002465,99.9675,44,buy
1751798547578504954,99.9132,43,buy
1751798547579004763,100.0916,96,sell
1751798547579505138,99.9296,40,sell
1751798547580008153,99.9592,22,buy
1751798547580503166,99.9714,43,sell
1751798547581005748,99.9803,68,buy
1751798547581504175,99.9855,75,buy
1751798547582004533,99.9757,92,buy
1751798547582507673,99.9551,39,sell
1751798547583005024,100.0196,89,sell
1751798547583505252,99.965,80,sell
1751798547584001444,99.9912,82,buy
1751798547584505913,99.9062,7,sell
1751798547585004620,99.9462,44,buy
1751798547585509572,99.993,58,sell
1751798547586002960,99.9292,62,buy
1751798547586503242,100.0863,13,buy
1751798547587008940,100.0811,39,sell
1751798547587509758,100.0219,2,buy
1751798547588005053,100.0976,17,sell
1751798547588502857,100.0171,75,sell
1751798547589005942,99.9043,89,buy
1751798547589508578,99.9602,44,buy
1751798547590002745,100.0405,9,buy
1751798547590505693,99.9135,53,sell
1751798547591006846,100.0987,77,buy
1751798547591501284,100.0843,72,buy
1751798547592003458,99.9774,61,sell
1751798547592509494,99.992,14,buy
1751798547593006620,100.0213,90,buy
1751798547593504708,100.0912,70,buy
1751798547594003748,99.9258,86,sell
1751798547594508491,100.0647,44,buy
1751798547595005124,99.9321,75,buy
1751798547595507711,99.9688,28,buy
1751798547596006483,100.0311,11,sell
1751798547596502880,100.0906,31,sell
1751798547597008672,100.0868,5,sell
1751798547597505695,100.0172,98,sell
1751798547598006961,100.0286,66,buy
1751798547598503426,99.9871,14,sell
1751798547599002158,99.9505,63,buy
1751798547599501282,100.0747,95,sell
1751798547600008527,99.9287,38,sell
1751798547600503884,100.0587,38,sell
1751798547601004245,100.0878,94,sell
1751798547601506061,100.0791,75,sell
1751798547602008230,99.9168,86,buy
1751798547602503850,100.0559,45,sell
1751798547603001654,100.0687,48,buy
1751798547603509887,100.0504,13,buy
1751798547604006774,99.9515,61,buy
1751798547604504638,99.9308,10,sell
1751798547605006879,99.9974,60,sell
1751798547605507270,100.0879,21,sell
1751798547606001452,99.9052,93,sell
1751798547606504854,99.9435,75,sell
1751798547607006430,99.9318,43,sell
1751798547607504768,99.9057,55,sell
1751798547608002448,100.0282,59,sell
1751798547608501245,99.9735,14,sell
1751798547609006259,99.924,59,buy
1751798547609505087,100.007,14,buy
1751798547610010003,99.909,47,sell
1751798547610504898,100.0835,96,sell
1751798547611004734,99.9139,92,buy
1751798547611508817,100.0095,88,buy
1751798547612006249,100.0315,98,buy
1751798547612507773,100.014,86,buy
1751798547613002574,100.0796,30,sell
1751798547613505150,99.9755,76,buy
1751798547614009838,100.0821,85,buy
1751798547614502718,99.9948,14,sell
1751798547615002842,100.077,56,buy
1751798547615503126,100.0596,26,sell
1751798547616002367,100.0178,13,sell
1751798547616506686,100.0006,25,buy
1751798547617006761,99.9804,99,buy
1751798547617505783,99.9826,82,sell
1751798547618002272,100.0026,59,sell
1751798547618503662,99.9803,73,buy
1751798547619006321,100.0971,56,buy
1751798547619509224,100.0656,21,buy
1751798547620009466,100.0117,91,buy
1751798547620506593,99.9607,2,sell
1751798547621008417,99.9469,19,sell
1751798547621507912,100.0785,97,buy
1751798547622006092,100.0481,80,buy
1751798547622509097,100.0075,41,sell
1751798547623001295,99.9131,8,buy
1751798547623503267,100.0705,90,sell
1751798547624003753,99.9304,69,buy
1751798547624509099,99.9839,35,sell
1751798547625009241,99.9603,32,sell
1751798547625509831,99.9024,83,buy
1751798547626009219,100.0342,62,sell
1751798547626509252,100.0535,16,sell
1751798547627003517,99.9915,12,sell
1751798547627509126,100.0103,38,sell
1751798547628001776,99.9801,84,buy
1751798547628505311,99.9239,32,sell
1751798547629002578,100.0405,80,buy
1751798547629509088,99.9434,85,buy
1751798547630004634,100.0341,8,sell
1751798547630504589,99.97,13,buy
1751798547631002688,99.9127,83,sell
1751798547631502779,100.0301,33,sell
1751798547632005300,100.0546,81,sell
1751798547632502366,99.9931,73,buy
1751798547633008396,99.9763,16,sell
1751798547633507379,100.0748,9,sell
1751798547634007113,99.9969,20,sell
1751798547634507002,100.0099,41,sell
1751798547635007040,100.021,88,sell
1751798547635503075,100.0279,99,buy
1751798547636005748,99.9161,58,buy
1751798547636507691,99.9641,11,sell
1751798547637002295,100.0596,2,sell
1751798547637502452,100.0044,90,buy
1751798547638009206,99.969,50,buy
1751798547638501946,100.0206,88,sell
1751798547639008685,99.9461,92,buy
1751798547639509030,100.0305,42,sell
1751798547640009391,99.9233,66,buy
1751798547640507566,99.9864,19,buy
1751798547641006657,100.0784,15,buy
1751798547641503771,99.922,4,sell
1751798547642001211,100.0462,30,buy
1751798547642510032,100.0174,12,sell
1751798547643001685,100.099,3,sell
1751798547643509090,99.9883,80,buy
1751798547644007656,100.0815,8,buy
1751798547644506268,100.0851,6,buy
1751798547645005493,100.0681,85,sell
1751798547645509138,100.0419,1,buy
1751798547646007143,99.9259,74,sell
1751798547646507847,99.9574,73,sell
1751798547647009320,99.9279,10,buy
1751798547647508414,100.0485,3,buy
1751798547648002915,99.9233,28,buy
1751798547648504014,99.953,59,buy
1751798547649006587,100.0983,55,sell
1751798547649508717,99.9131,62,buy
1751798547650003317,99.9446,69,buy
1751798547650509879,100.0264,63,sell
1751798547651008875,99.9521,60,buy
1751798547651502523,99.9615,84,sell
1751798547652003855,100.0186,5,buy
1751798547652501133,100.0411,54,sell
1751798547653004493,100.0393,1,buy
1751798547653502269,100.0245,77,buy
1751798547654004781,100.0284,3,buy
1751798547654509972,99.9199,9,buy
1751798547655001419,100.0187,37,sell
1751798547655503516,99.9592,48,sell
1751798547656003723,99.9725,41,sell
1751798547656506617,99.9621,24,sell
1751798547657004542,99.9514,88,sell
1751798547657505072,100.0951,52,buy
1751798547658004058,100.0468,13,sell
1751798547658506069,100.0527,5,sell
1751798547659002450,100.074,62,sell
1751798547659503131,100.0559,60,buy
1751798547660007153,100.0217,60,buy
1751798547660503014,99.9255,54,buy
1751798547661002682,99.9988,54,sell
1751798547661502312,99.9445,81,buy
1751798547662003940,99.9256,70,sell
1751798547662504701,99.9801,86,buy
1751798547663009512,99.9028,23,buy
1751798547663501979,100.0388,19,buy
1751798547664008319,99.9573,53,buy
1751798547664507559,99.9237,61,sell
1751798547665009414,99.9366,1,buy
1751798547665505126,99.9402,30,buy
1751798547666001672,99.901,68,sell
1751798547666504268,100.0619,47,sell
1751798547667007645,99.9265,42,buy
1751798547667501908,99.9827,48,buy
1751798547668002761,100.0445,88,sell
1751798547668509936,99.9529,46,sell
1751798547669001075,99.9939,32,buy
1751798547669509871,100.071,17,buy
1751798547670001273,99.9401,79,buy
1751798547670506338,100.0567,96,sell
1751798547671001764,100.05,10,buy
1751798547671503960,99.982,27,buy
1751798547672001590,100.0756,91,buy
1751798547672504155,100.0551,46,buy
1751798547673007891,100.0565,34,buy
1751798547673507411,100.0003,70,sell
1751798547674009627,100.0847,13,sell
1751798547674504359,99.9033,39,buy
1751798547675005528,99.9674,4,buy
1751798547675507751,99.9494,75,buy
1751798547676005895,100.0702,18,sell
1751798547676506298,99.9359,91,buy
1751798547677004909,100.0217,36,sell
1751798547677504956,99.9091,57,buy
1751798547678004695,100.0965,81,buy
1751798547678505602,100.0864,24,buy
1751798547679005862,99.974,1,buy
1751798547679504843,99.9257,13,buy
1751798547680002636,99.9632,35,buy
1751798547680509628,100.0829,40,sell
1751798547681005100,99.9822,80,sell
1751798547681501589,100.0569,94,sell
1751798547682008235,99.905,56,buy
1751798547682508230,99.9381,19,sell
1751798547683009656,99.9068,99,buy
1751798547683509908,100.0435,83,buy
1751798547684007689,100.0693,72,buy
1751798547684508883,99.978,72,buy
1751798547685008341,99.9813,68,buy
1751798547685502216,99.9716,72,sell
1751798547686004941,100.0793,16,sell
1751798547686501242,100.0065,29,sell
1751798547687002478,99.9931,36,buy
1751798547687501801,100.067,39,buy
1751798547688005185,100.038,85,buy
1751798547688507592,100.0268,13,buy
1751798547689007368,100.0894,65,buy
1751798547689507665,99.9866,56,buy
1751798547690002644,100.0794,52,buy
1751798547690504283,100.0631,88,buy
1751798547691003515,100.0402,61,buy
1751798547691505097,99.9158,69,sell
1751798547692002210,100.016,5,sell
1751798547692503900,100.0939,14,buy
1751798547693007099,100.0792,27,buy
1751798547693504263,100.0728,60,sell
1751798547694001452,99.9975,81,buy
1751798547694509611,99.9905,55,sell
1751798547695001451,99.9182,87,sell
1751798547695502306,100.0702,67,buy
1751798547696006154,100.0294,28,buy
1751798547696505450,100.0239,27,sell
1751798547697008330,100.0448,22,buy
1751798547697506116,100.0699,75,buy
1751798547698004891,99.9983,39,buy
1751798547698502103,100.0352,73,buy
1751798547699005901,100.0742,5,sell
1751798547699503178,99.9903,55,sell
1751798547700001607,100.0529,11,buy
1751798547700505458,100.0616,54,buy
1751798547701005543,100.0442,78,buy
1751798547701505363,99.9104,37,sell
1751798547702009221,99.9295,96,sell
1751798547702503961,100.0154,33,buy
1751798547703008718,100.001,68,sell
1751798547703505003,100.0298,67,buy
1751798547704007325,99.9793,48,sell
1751798547704501367,100.0233,47,sell
1751798547705007899,99.9318,11,sell
1751798547705506700,99.9125,93,sell
1751798547706006263,99.9051,46,sell
1751798547706505354,100.0971,32,buy
1751798547707006771,99.9378,43,buy
1751798547707503680,100.0721,47,buy
1751798547708002347,100.0352,14,sell
1751798547708504040,100.0285,13,sell
1751798547709004002,99.9449,36,sell
1751798547709507016,99.9039,92,buy
1751798547710001756,99.9304,17,sell
1751798547710505834,99.9881,5,buy
1751798547711001178,100.0105,3,buy
1751798547711501452,99.9836,36,buy
1751798547712003040,100.0825,70,sell
1751798547712507663,100.0392,70,sell
1751798547713004387,99.9667,73,buy
1751798547713501169,99.9079,31,sell
1751798547714003050,100.0337,29,buy
1751798547714508491,99.9761,86,sell
1751798547715009018,99.9284,27,buy
1751798547715505657,99.987,13,sell
1751798547716003678,99.9276,60,buy
1751798547716508049,100.0758,94,buy
1751798547717009938,99.9367,96,sell
1751798547717505793,99.9749,26,sell
1751798547718003096,99.9557,73,sell
1751798547718504583,100.067,77,buy
1751798547719005338,100.0583,47,buy
1751798547719503542,100.0495,57,sell
1751798547720008910,100.0255,17,sell
1751798547720507774,99.9466,81,buy
1751798547721005631,99.9007,20,buy
1751798547721507332,100.0792,54,buy
1751798547722007638,100.0345,16,buy
1751798547722505410,100.0125,69,sell
1751798547723001419,99.9243,43,buy
1751798547723502980,100.0631,82,buy
1751798547724009671,100.026,85,sell
1751798547724503711,100.0412,67,sell
1751798547725005735,100.0075,52,sell
1751798547725509004,99.9162,46,sell
1751798547726005008,99.9894,87,buy
1751798547726505351,100.0643,67,sell
1751798547727009293,100.0006,92,sell
1751798547727507017,99.9725,77,sell
1751798547728007937,100.0736,12,buy
1751798547728506897,100.0036,46,buy
1751798547729005805,99.9912,94,sell
1751798547729508369,100.0656,96,sell
1751798547730001178,100.0843,60,buy
1751798547730501898,100.0368,90,buy
1751798547731007716,99.9482,60,sell
1751798547731505253,100.0273,74,sell
1751798547732006985,99.929,4,sell
1751798547732506254,100.004,63,sell
1751798547733006344,100.0344,69,sell
1751798547733501988,99.9336,46,sell
1751798547734002519,99.9606,82,buy
1751798547734501528,100.0845,91,buy
1751798547735005347,100.0729,94,buy
1751798547735507787,99.9662,36,buy
1751798547736009860,99.9875,9,sell
1751798547736501623,99.9283,52,sell
1751798547737004107,100.0546,20,buy
1751798547737501246,99.9099,72,buy
1751798547738008606,100.046,58,sell
1751798547738507375,100.0356,38,buy
1751798547739007409,100.0924,27,buy
1751798547739501232,100.0188,66,sell
1751798547740002556,100.064,21,buy
1751798547740507141,100.0903,11,buy
1751798547741003696,99.9469,70,sell
1751798547741508725,100.0864,23,sell
1751798547742003645,99.9565,49,sell
1751798547742504666,99.9718,96,buy
1751798547743010019,99.9435,22,sell
1751798547743502904,100.0185,60,sell
1751798547744003156,100.0371,62,sell
1751798547744503420,100.0489,63,buy
1751798547745006149,99.9237,76,sell
1751798547745508348,99.9759,3,sell
1751798547746005055,100.0115,51,buy
1751798547746507338,100.0737,89,buy
1751798547747009641,99.9352,68,buy
1751798547747508302,100.0481,87,sell
1751798547748006703,100.0361,57,sell
1751798547748503785,99.9824,88,buy
1751798547749007459,99.9453,38,buy
1751798547749501339,100.0367,84,sell
1751798547750008715,100.0894,90,buy
1751798547750504579,100.0053,6,sell
1751798547751005962,100.0786,28,sell
1751798547751508988,99.9504,44,buy
1751798547752007843,99.9074,59,sell
1751798547752506847,100.0324,4,sell
1751798547753009959,100.0717,70,buy
1751798547753508964,99.9561,14,buy
1751798547754001454,99.9011,34,sell
1751798547754507610,99.9952,25,sell
1751798547755003397,99.9497,57,sell
1751798547755503320,99.9599,36,sell
1751798547756009751,99.9845,59,buy
1751798547756505465,100.0152,78,sell
1751798547757001345,99.9303,58,sell
1751798547757508103,99.9469,19,buy
1751798547758002847,99.981,63,buy
1751798547758502991,100.0433,98,sell
1751798547759005628,100.0579,89,buy
1751798547759502809,99.9993,78,buy
1751798547760001883,99.9274,77,sell
1751798547760509809,99.9416,57,sell
1751798547761009090,100.0149,99,buy
1751798547761501452,99.9494,18,sell
1751798547762004287,99.9354,55,sell
1751798547762507034,100.0927,46,buy
1751798547763001331,99.9645,47,sell
1751798547763504137,100.0923,74,buy
1751798547764006829,99.9351,51,buy
1751798547764501786,100.0385,34,sell
1751798547765005421,99.9565,68,buy
1751798547765507990,99.9129,55,sell
1751798547766006851,100.062,69,buy
1751798547766510024,100.0475,84,buy
1751798547767008796,100.0157,73,buy
1751798547767502973,100.0631,51,sell
1751798547768001403,100.0565,94,buy
1751798547768501204,100.0395,35,buy
1751798547769004492,100.0556,31,sell
1751798547769502410,100.0004,64,buy
1751798547770003070,100.0824,40,buy
1751798547770501788,99.9012,57,buy
1751798547771007854,99.9298,44,sell
1751798547771503778,100.0211,45,sell
1751798547772004621,100.0939,40,buy
1751798547772509186,99.9574,46,buy
1751798547773001348,100.0664,82,sell
1751798547773506321,100.0327,92,buy
1751798547774007051,100.0637,26,sell
1751798547774503508,99.9167,34,buy
1751798547775004524,99.9378,21,buy
1751798547775505325,99.9189,51,buy
1751798547776008659,100.0819,38,buy
1751798547776508580,99.9916,66,sell
1751798547777009125,100.0225,36,buy
1751798547777507027,99.9905,27,sell
1751798547778008433,99.9376,65,buy
1751798547778504452,99.9769,64,buy
1751798547779005743,99.9559,55,sell
1751798547779509738,99.9226,58,sell
1751798547780002250,99.9618,22,buy
1751798547780504341,100.0812,89,sell
1751798547781002735,100.0604,57,sell
1751798547781505539,100.059,55,buy
1751798547782006904,99.9502,70,buy
1751798547782509712,100.0473,96,sell
1751798547783003214,99.9864,30,sell
1751798547783508715,100.0342,64,sell
1751798547784008001,99.9499,94,sell
1751798547784501112,99.9034,82,sell
1751798547785004183,100.0031,96,sell
1751798547785501461,99.9856,10,buy
1751798547786008494,99.9348,61,sell
1751798547786505739,100.0303,57,sell
1751798547787008454,99.9392,92,buy
1751798547787501493,99.9386,8,sell
1751798547788005267,100.0617,65,sell
1751798547788503766,99.9964,13,sell
1751798547789007394,100.098,10,buy
1751798547789510010,99.9531,59,sell
1751798547790008811,99.9584,14,sell
1751798547790509887,100.087,14,sell
1751798547791005676,100.0723,60,sell
1751798547791502463,100.0952,78,buy
1751798547792004867,99.9246,63,buy
1751798547792506341,100.0076,72,sell
1751798547793001863,99.9187,60,sell
1751798547793506546,100.0803,83,buy
1751798547794007148,99.9662,75,sell
1751798547794507523,99.9943,78,buy
1751798547795009675,100.0395,85,buy
1751798547795508684,99.9365,70,buy
1751798547796002660,100.0976,32,sell
1751798547796502078,100.0332,92,buy
1751798547797007106,100.0583,98,sell
1751798547797507786,99.985,21,buy
1751798547798003989,100.0183,22,sell
1751798547798501222,99.9836,51,buy
1751798547799005846,100.0237,62,buy
1751798547799508916,100.0288,45,sell
1751798547800001640,99.9693,44,sell
1751798547800502975,100.0457,19,sell
1751798547801009435,99.9057,85,buy
1751798547801505753,100.0857,61,sell
1751798547802002321,99.9931,2,sell
1751798547802506965,99.9072,47,buy
1751798547803009784,99.9359,73,buy
1751798547803501220,99.9583,40,buy
1751798547804006313,100.0822,34,sell
1751798547804509767,100.0845,35,buy
1751798547805008622,100.0015,48,buy
1751798547805507693,99.9566,48,sell
1751798547806004953,100.0404,60,sell
1751798547806510030,99.9873,29,buy
1751798547807008226,100.0186,6,sell
1751798547807505997,99.9673,59,sell
1751798547808008938,100.0734,31,sell
1751798547808501079,99.9123,17,sell
1751798547809009135,99.9741,1,sell
1751798547809508058,99.9839,57,buy
1751798547810006796,99.9077,56,buy
1751798547810502839,100.0147,60,sell
1751798547811005275,99.9103,57,buy
1751798547811507388,99.9151,63,sell
1751798547812007144,99.9851,88,buy
1751798547812508360,100.0628,85,sell
1751798547813005112,99.9242,58,sell
1751798547813506923,100.0992,3,buy
1751798547814001510,100.0475,65,buy
1751798547814505031,100.0672,65,sell
1751798547815007032,100.0159,24,sell
1751798547815507145,99.9437,93,buy
1751798547816009536,99.9094,8,sell
1751798547816503358,100.0983,77,sell
1751798547817009393,100.048,57,buy
1751798547817505302,99.9706,16,buy
1751798547818004310,99.9808,53,sell
1751798547818507482,99.9249,79,buy
1751798547819003164,99.9176,33,sell
1751798547819507772,99.9412,59,buy
1751798547820002610,99.9479,73,buy
1751798547820506478,99.9364,51,buy
1751798547821005984,100.0396,81,sell
1751798547821503497,99.9006,43,sell
1751798547822003404,99.9729,61,sell
1751798547822509589,100.0798,96,buy
1751798547823005733,100.0387,54,sell
1751798547823509091,99.9957,26,buy
1751798547824001569,99.9723,15,sell
1751798547824501814,99.9325,20,sell
1751798547825004860,100.0749,78,sell
1751798547825508133,100.0678,20,sell
1751798547826005133,99.9203,19,buy
1751798547826508478,100.0718,6,buy
1751798547827008321,100.0116,94,buy
1751798547827503429,100.0421,78,buy
1751798547828006213,99.9216,84,buy
1751798547828504506,100.016,16,sell
1751798547829002709,99.9737,33,buy
1751798547829505178,99.9547,87,buy
1751798547830005183,100.086,84,buy
1751798547830501147,100.0171,84,buy
1751798547831006109,100.0316,4,sell
1751798547831501774,99.9562,62,sell
1751798547832007345,99.9691,82,sell
1751798547832507547,99.9646,99,buy
1751798547833006292,100.0151,79,sell
1751798547833506426,99.9762,99,sell
1751798547834008997,100.0475,4,buy
1751798547834504162,99.9847,17,sell
1751798547835007109,99.9264,68,sell
1751798547835509851,100.0047,73,buy
1751798547836009739,100.0671,43,buy
1751798547836510061,100.0396,72,buy
1751798547837003751,100.0148,98,buy
1751798547837505314,99.9361,15,buy
1751798547838003419,99.989,86,sell
1751798547838505403,99.9105,9,buy
1751798547839004562,99.9833,35,sell
1751798547839503998,99.9261,6,buy
1751798547840009217,99.9875,81,buy
1751798547840501420,100.0083,91,buy
1751798547841008337,99.9969,80,buy
1751798547841507154,100.0413,96,sell
1751798547842002554,99.969,94,buy
1751798547842507425,100.0726,52,sell
1751798547843007968,99.9288,9,buy
1751798547843509129,100.0113,13,buy
1751798547844006949,100.0539,1,sell
1751798547844506569,99.957,54,buy
1751798547845002071,99.9436,39,sell
1751798547845503455,99.9353,45,sell
1751798547846003231,100.0078,43,sell
1751798547846507718,100.0017,34,buy
1751798547847004023,99.9585,66,sell
1751798547847507151,99.9662,64,buy
1751798547848005332,99.9454,34,buy
1751798547848508424,100.0393,46,sell
1751798547849002339,100.04,70,buy
1751798547849504205,99.9067,51,sell
1751798547850003357,99.917,23,buy
1751798547850507411,100.0374,50,sell
1751798547851006438,99.9802,11,buy
1751798547851502585,99.9739,56,buy
1751798547852008001,100.0994,52,buy
1751798547852506639,99.9502,92,buy
1751798547853007265,99.9723,65,buy
1751798547853506442,100.0566,42,buy
1751798547854001635,100.0688,29,sell
1751798547854507220,100.0314,15,sell
1751798547855006099,100.0719,43,sell
1751798547855501782,100.078,76,sell
1751798547856008064,99.947,52,sell
1751798547856502515,100.0557,12,buy
1751798547857007723,99.951,67,buy
1751798547857509643,100.016,22,buy
1751798547858008680,100.0785,8,buy
1751798547858509645,100.0438,43,buy
1751798547859002384,99.929,11,sell
1751798547859501726,100.0036,3,buy
1751798547860001292,100.0533,49,buy
1751798547860508516,100.0974,87,buy
1751798547861005728,100.0125,38,buy
1751798547861506519,99.9032,54,buy
1751798547862001559,99.9144,82,buy
1751798547862507143,100.0961,64,sell
1751798547863002864,100.0509,3,sell
1751798547863503989,100.087,34,sell
1751798547864004135,100.0887,98,sell
1751798547864504773,99.9666,68,buy
1751798547865008522,99.9274,43,sell
1751798547865501751,99.919,28,sell
1751798547866009508,100.09,10,sell
1751798547866502730,99.9333,27,sell
1751798547867005719,100.0146,67,buy
1751798547867501995,100.0078,26,sell
1751798547868007627,99.9079,63,buy
1751798547868509800,99.9321,71,sell
1751798547869008736,99.9458,19,buy
1751798547869502451,100.0909,7,sell
1751798547870002869,99.9523,32,sell
1751798547870505632,100.0861,6,buy
1751798547871008120,100.0028,66,buy
1751798547871506546,99.9414,92,buy
1751798547872008235,99.9518,6,sell
1751798547872506658,99.9049,39,buy
1751798547873008563,99.9625,55,buy
1751798547873507653,99.9227,70,buy
1751798547874006951,99.9106,52,buy
1751798547874504358,99.9067,61,buy
1751798547875007813,99.9898,64,buy
1751798547875505690,99.9628,90,sell
1751798547876003057,99.9797,86,sell
1751798547876505487,99.9528,24,sell
1751798547877001370,99.9897,10,buy
1751798547877505946,100.0558,3,sell
1751798547878001366,99.908,40,sell
1751798547878505853,100.0083,88,buy
1751798547879004599,100.0371,72,sell
1751798547879509140,100.0414,7,buy
1751798547880008781,99.9401,96,buy
1751798547880504111,99.938,19,buy
1751798547881004468,99.9205,35,sell
1751798547881505876,99.9517,52,sell
1751798547882007854,100.0398,92,buy
1751798547882505341,100.0325,36,buy
1751798547883005543,99.9716,9,buy
1751798547883504766,99.9711,34,sell
1751798547884009259,99.972,39,sell
1751798547884504811,99.9902,18,buy
1751798547885002731,99.9498,92,sell
1751798547885501146,99.9187,48,sell
1751798547886008823,100.023,33,sell
1751798547886509301,99.9315,90,sell
1751798547887003090,99.9746,70,buy
1751798547887506909,99.9705,38,sell
1751798547888004709,100.0485,4,buy
1751798547888502506,99.9259,81,buy
1751798547889004853,100.0655,84,sell
1751798547889502595,99.9017,21,buy
1751798547890003130,100.0112,93,sell
1751798547890505920,99.9289,78,sell
1751798547891009896,100.0111,25,sell
1751798547891503446,100.0172,69,buy
1751798547892002847,99.9204,30,sell
1751798547892502626,100.0343,17,buy
1751798547893008389,99.9312,17,sell
1751798547893503524,99.9783,3,sell
1751798547894008422,100.0466,57,sell
1751798547894508469,100.0106,62,sell
1751798547895001739,100.0333,87,buy
1751798547895503032,99.9035,32,sell
1751798547896007484,100.0151,91,sell
1751798547896507553,100.0787,42,buy
1751798547897005229,100.0513,72,sell
1751798547897502604,100.0424,95,buy
1751798547898007374,99.9539,4,sell
1751798547898504740,100.0302,51,buy
1751798547899008058,99.9348,90,sell
1751798547899503158,99.9799,54,buy
1751798547900002577,100.052,13,buy
1751798547900508890,99.9295,79,buy
1751798547901007770,100.019,41,sell
1751798547901501720,100.0357,61,sell
1751798547902001937,99.9054,67,sell
1751798547902506019,100.0565,79,sell
1751798547903002898,99.9323,85,buy
1751798547903503248,99.9727,95,buy
1751798547904007703,99.9699,70,buy
1751798547904506386,99.9461,41,sell
1751798547905002273,99.9909,31,sell
1751798547905505654,100.0301,77,buy
1751798547906005656,99.9557,17,sell
1751798547906505250,100.0166,54,buy
1751798547907005678,100.0398,73,buy
1751798547907509376,100.0765,12,buy
1751798547908002321,100.0615,51,buy
1751798547908502687,99.9607,78,buy
1751798547909009682,100.0215,21,sell
1751798547909503140,100.0554,20,buy
1751798547910007814,100.0257,95,buy
1751798547910502923,100.0204,20,sell
1751798547911008483,99.9513,74,sell
1751798547911502905,99.9693,80,buy
1751798547912005407,99.9208,23,sell
1751798547912509290,100.0708,6,buy
1751798547913005885,100.0503,44,sell
1751798547913505526,100.0243,22,sell
1751798547914009391,99.9646,40,sell
1751798547914504639,99.9555,21,buy
1751798547915007329,100.068,38,buy
1751798547915506965,99.9964,24,sell
1751798547916008472,100.0185,76,buy
1751798547916510056,100.0952,15,sell
1751798547917001593,99.9334,18,sell
1751798547917508218,99.9147,51,buy
1751798547918006249,99.9804,97,sell
1751798547918508800,100.029,62,sell
1751798547919002688,100.0815,70,buy
1751798547919508852,99.992,39,buy
1751798547920007062,99.9971,11,sell
1751798547920504118,100.0439,2,sell
1751798547921008216,100.0299,6,buy
1751798547921506528,99.9356,3,sell
1751798547922007282,100.094,96,buy
1751798547922509862,100.008,51,buy
1751798547923007230,99.9773,99,sell
1751798547923504977,99.9089,66,sell
1751798547924004501,100.0398,69,sell
1751798547924502402,99.9359,6,buy
1751798547925005545,100.0263,60,sell
1751798547925507025,99.9532,86,buy
1751798547926007011,99.9549,71,sell
1751798547926506111,99.9879,11,buy
1751798547927008573,100.0464,61,sell
1751798547927503359,100.0837,55,sell
1751798547928006648,100.0098,65,sell
1751798547928508038,99.9792,62,sell
1751798547929004018,100.0443,24,buy
1751798547929502143,100.0551,7,sell
1751798547930008744,99.9014,93,buy
1751798547930501676,99.9506,51,buy
1751798547931003250,99.9339,89,sell
1751798547931501877,99.9369,80,buy
1751798547932008273,100.0367,41,sell
1751798547932503533,100.0616,58,sell
1751798547933004649,100.0609,66,buy
1751798547933507294,99.9148,18,buy
1751798547934001265,99.9702,73,sell
1751798547934501182,99.9297,17,sell
1751798547935006631,99.98,79,sell
1751798547935508820,99.9624,73,buy
1751798547936008417,99.9864,37,sell
1751798547936508777,100.0411,44,sell
1751798547937002543,99.9016,8,sell
1751798547937504400,100.0086,69,buy
1751798547938006106,99.9973,97,buy
1751798547938507158,99.9421,79,sell
1751798547939009337,100.0502,63,buy
1751798547939505742,100.0975,91,buy
1751798547940001081,99.9166,79,buy
1751798547940509966,100.0824,69,buy
1751798547941002568,99.9901,60,buy
1751798547941501486,100.081,83,buy
1751798547942008602,99.9829,40,sell
1751798547942506734,100.006,88,sell
1751798547943005309,100.0113,91,sell
1751798547943501251,100.0214,22,sell
1751798547944008298,100.0788,32,sell
1751798547944506535,99.9443,69,buy
1751798547945007768,99.9018,89,buy
1751798547945509267,100.0221,25,buy
1751798547946005477,100.0957,80,buy
1751798547946507559,99.9445,67,buy
1751798547947007710,100.0307,89,sell
1751798547947508783,100.0423,32,sell
1751798547948005182,100.0729,36,sell
1751798547948509567,100.0438,84,sell
1751798547949010027,99.9508,70,buy
1751798547949507526,99.9274,10,sell
1751798547950008875,99.9015,4,buy
1751798547950503851,99.9842,63,sell
1751798547951006393,100.0007,25,sell
1751798547951502215,99.9282,5,buy
1751798547952006656,100.0326,31,buy
1751798547952505067,100.0603,91,buy
1751798547953006868,100.0091,70,buy
1751798547953509158,99.9917,93,buy
1751798547954009593,99.924,92,buy
1751798547954501145,100.011,73,buy
1751798547955007046,99.9442,41,sell
1751798547955506104,100.0253,63,buy
1751798547956003095,99.9725,58,buy
1751798547956509741,99.9296,69,sell
1751798547957009885,99.9235,74,sell
1751798547957507718,99.9411,99,buy
1751798547958003589,99.9625,74,buy
1751798547958509750,99.9066,75,sell
1751798547959006176,100.0547,2,buy
1751798547959502384,99.9768,41,buy
1751798547960001072,100.0785,61,buy
1751798547960505034,99.9629,58,buy
1751798547961002723,100.0733,93,buy
1751798547961508045,100.0114,86,sell
1751798547962009475,100.011,67,sell
1751798547962507315,99.9943,56,buy
1751798547963005966,99.9706,7,sell
1751798547963507879,99.9713,47,sell
1751798547964005298,99.9224,64,buy
1751798547964507214,100.0485,99,buy
1751798547965005838,99.9035,64,buy
1751798547965502737,99.9779,91,sell
1751798547966008421,100.0345,41,buy
1751798547966509464,99.9526,87,sell
1751798547967008273,100.0652,99,sell
1751798547967505241,99.9356,82,buy
1751798547968008284,99.9866,95,sell
1751798547968502178,99.9477,74,buy
1751798547969002904,99.9369,75,sell
1751798547969504999,100.0496,81,buy
1751798547970008686,99.9754,79,buy
1751798547970509115,99.9583,14,sell
1751798547971005711,99.9621,3,sell
1751798547971504718,99.9068,37,sell
1751798547972007761,100.0444,84,sell
1751798547972505241,100.036,79,sell
1751798547973001701,100.0478,75,buy
1751798547973505535,100.0987,40,buy
1751798547974007954,99.9762,24,sell
1751798547974501460,100.0113,29,sell
1751798547975006834,99.9636,5,sell
1751798547975507553,100.0285,28,buy
1751798547976010017,99.9858,13,sell
1751798547976504067,100.0839,2,buy
1751798547977002200,100.0766,84,sell
1751798547977507062,100.0017,3,sell
1751798547978007358,99.9304,8,buy
1751798547978503403,100.0301,90,sell
1751798547979009080,100.0031,92,sell
1751798547979508420,100.0617,38,buy
1751798547980008961,100.0471,94,buy
1751798547980509523,99.9393,96,sell
1751798547981010031,100.0038,78,buy
1751798547981502101,99.9237,73,sell
1751798547982004558,99.97,29,buy
1751798547982508321,100.0423,80,sell
1751798547983008756,99.9552,6,sell
1751798547983509353,100.0537,44,buy
1751798547984003243,99.9706,36,sell
1751798547984506081,99.9896,91,sell
1751798547985005844,99.9154,40,buy
1751798547985508029,99.9041,3,sell
1751798547986007781,99.9249,92,sell
1751798547986503533,99.9671,57,buy
1751798547987009039,99.9897,91,buy
1751798547987505027,100.0969,45,buy
1751798547988005534,100.026,12,buy
1751798547988504519,99.9932,50,buy
1751798547989004988,100.0797,95,buy
1751798547989502053,100.049,52,sell
1751798547990009450,100.0314,43,sell
1751798547990506339,99.9287,80,buy
1751798547991004255,99.9311,21,sell
1751798547991501471,100.0689,83,sell
1751798547992003614,99.9784,77,buy
1751798547992507776,99.9227,14,buy
1751798547993008653,100.0046,67,sell
1751798547993501452,99.9572,95,sell
1751798547994008702,100.0376,47,sell
1751798547994501452,100.0683,5,buy
1751798547995005862,99.9556,96,sell
1751798547995509325,99.9033,70,sell
1751798547996006687,99.9353,18,buy
1751798547996506075,99.9419,81,sell
1751798547997004824,99.9035,89,buy
1751798547997509890,99.9521,89,buy
1751798547998003186,100.0186,39,buy
1751798547998501749,100.0823,97,buy
1751798547999002104,99.9548,9,sell
1751798547999509202,99.9923,73,buy
1751798548000008765,99.9287,54,buy
1751798548000509341,99.9355,2,buy
1751798548001002560,100.0567,24,buy
1751798548001508953,100.0008,56,buy
1751798548002002957,100.0287,64,sell
1751798548002506711,99.9495,29,sell
1751798548003008725,100.0475,31,sell
1751798548003508631,99.9427,91,sell
1751798548004006901,99.9666,71,buy
1751798548004509359,99.9147,52,sell
1751798548005006971,99.9945,76,sell
1751798548005502567,99.9329,69,sell
1751798548006008545,100.0409,63,sell
1751798548006505742,99.9468,19,buy
1751798548007006131,100.0473,48,sell
1751798548007505648,99.9339,80,sell
1751798548008003716,100.0401,92,buy
1751798548008507930,99.9015,96,buy
1751798548009001685,99.9514,41,buy
1751798548009508745,100.0036,41,buy
1751798548010005655,100.0005,52,sell
1751798548010507239,100.025,27,buy
1751798548011008364,99.9127,79,sell
1751798548011504676,99.9686,31,sell
1751798548012004615,99.9836,37,sell
1751798548012501232,99.9733,86,sell
1751798548013005593,100.0489,76,sell
1751798548013503088,100.0981,44,buy
1751798548014003916,100.035,13,sell
1751798548014506157,100.088,26,buy
1751798548015002846,99.9858,24,sell
1751798548015502191,100.0638,33,buy
1751798548016009424,100.0107,33,sell
1751798548016504344,100.093,24,buy
1751798548017002159,99.9025,83,buy
1751798548017503654,100.0134,49,sell
1751798548018006277,99.955,57,buy
1751798548018503308,100.0076,84,buy
1751798548019001888,99.9274,41,buy
1751798548019508653,100.0144,34,sell
1751798548020006090,99.9361,63,buy
1751798548020507971,99.9232,55,sell
1751798548021004461,100.0759,2,sell
1751798548021502385,99.9673,49,sell
1751798548022007910,99.9962,78,sell
1751798548022505189,100.0333,25,buy
1751798548023008404,99.9506,57,sell
1751798548023507790,99.9281,51,sell
1751798548024009355,100.0341,81,buy
1751798548024505063,99.9046,97,buy
1751798548025005701,100.0494,54,buy
1751798548025504200,100.054,49,sell
1751798548026001585,99.9397,24,buy
1751798548026504239,99.9023,9,buy
1751798548027005483,99.9286,95,buy
1751798548027506484,100.0798,31,buy
1751798548028008499,99.9924,98,buy
1751798548028502569,100.0595,96,buy
1751798548029001535,100.0396,17,sell
1751798548029505869,100.0927,41,buy
1751798548030008488,100.0062,69,sell
1751798548030508924,100.062,33,buy
1751798548031007898,99.9713,66,buy
1751798548031507374,100.0997,29,sell
1751798548032003034,99.9263,90,sell
1751798548032509588,100.0353,83,buy
1751798548033006553,99.9517,7,buy
1751798548033503967,99.9981,84,buy
1751798548034008771,99.9329,13,buy
1751798548034508066,100.0907,85,sell
1751798548035003398,99.946,66,sell
1751798548035507186,99.9846,99,sell
1751798548036009654,100.0429,36,sell
1751798548036501364,100.051,58,buy
1751798548037007584,100.0494,4,buy
1751798548037503897,99.9243,46,buy
1751798548038001610,100.0825,70,buy
1751798548038506518,99.9458,73,sell
1751798548039006744,100.0647,20,sell
1751798548039509577,99.9331,66,buy
1751798548040001831,100.0631,2,buy
1751798548040503377,99.9183,14,buy
1751798548041004838,100.0572,73,buy
1751798548041503881,99.9245,87,sell
1751798548042001267,99.948,67,sell
1751798548042508680,99.939,62,sell
1751798548043005627,99.9579,56,sell
1751798548043508853,100.086,14,sell
1751798548044008269,100.0451,39,sell
1751798548044501859,99.9675,74,sell
1751798548045002275,99.9096,78,buy
1751798548045501729,99.9427,96,sell
1751798548046003898,100.073,93,buy
1751798548046503251,99.9703,61,buy
1751798548047008011,100.0632,76,buy
1751798548047505444,99.9608,18,buy
1751798548048005147,99.9245,53,sell
1751798548048505846,100.0758,44,sell
1751798548049001268,100.0748,88,sell
1751798548049504514,99.9968,45,sell
1751798548050004939,100.0758,1,buy
1751798548050509380,99.9218,88,buy
1751798548051008284,100.0332,1,sell
1751798548051509247,100.0288,38,buy
1751798548052005409,100.0604,65,sell
1751798548052506435,99.9667,79,buy
1751798548053003013,100.0101,27,buy
1751798548053506980,99.9186,57,sell
1751798548054008437,99.9039,58,buy
1751798548054503678,100.0887,28,buy
1751798548055001097,99.9019,50,buy
1751798548055503791,99.9409,87,sell
1751798548056008889,99.9105,12,buy
1751798548056503653,100.0431,9,buy
1751798548057002629,100.0761,50,buy
1751798548057502932,100.0771,22,buy
1751798548058001511,100.0335,74,sell
1751798548058506449,100.0629,93,sell
1751798548059008183,100.0554,10,sell
1751798548059501610,99.9054,36,buy
1751798548060001504,99.9989,74,buy
1751798548060502681,100.0283,22,sell
1751798548061006091,100.0722,57,buy
1751798548061504107,99.9479,60,sell
1751798548062004668,99.9143,95,buy
1751798548062508491,100.0785,88,sell
1751798548063002584,99.9361,46,sell
1751798548063506351,99.9682,30,sell
1751798548064009362,100.0085,92,sell
1751798548064501162,99.9936,31,buy
1751798548065008599,99.938,15,sell
1751798548065501951,100.0751,16,sell
1751798548066005898,100.0879,72,buy
1751798548066503198,99.9667,1,sell
1751798548067009568,99.9941,99,sell
1751798548067508333,99.9506,12,buy
1751798548068009876,99.9865,5,buy
1751798548068507676,100.0118,35,sell
1751798548069003690,99.936,66,sell
1751798548069505641,99.9697,60,buy
1751798548070006886,99.9228,9,buy
1751798548070508363,99.9687,45,sell
1751798548071005436,100.0511,74,sell
1751798548071505246,99.936,36,sell
1751798548072005929,99.923,8,sell
1751798548072506820,100.0712,52,sell
1751798548073004483,99.9186,21,sell
1751798548073503406,100.017,66,buy
1751798548074007630,99.9142,32,buy
1751798548074507024,99.9015,19,buy
1751798548075008104,99.9559,10,buy
1751798548075504831,100.0773,36,buy
1751798548076004893,100.0053,19,sell
1751798548076509547,99.9609,52,sell
1751798548077001427,100.0776,47,buy
1751798548077502458,99.9381,78,buy
1751798548078006050,100.0886,39,buy
1751798548078508921,99.9233,85,buy
1751798548079005747,99.9036,73,buy
1751798548079502602,99.929,50,buy
1751798548080001124,100.0752,39,sell
1751798548080503758,99.9847,39,buy
1751798548081003563,99.9766,39,buy
1751798548081504759,99.9828,84,buy
1751798548082004111,100.0505,46,sell
1751798548082508685,100.0772,62,sell
1751798548083001122,99.9933,24,sell
1751798548083502898,100.0839,45,sell
1751798548084007910,99.9706,3,buy
1751798548084506913,100.0548,12,buy
1751798548085007156,100.0986,14,sell
1751798548085509409,100.0987,76,sell
1751798548086001830,100.0149,48,sell
1751798548086508847,99.954,57,buy
1751798548087004239,100.046,32,sell
1751798548087506825,100.0049,43,buy
1751798548088004330,99.9514,52,buy
1751798548088509812,100.028,29,buy
1751798548089004581,100.0142,69,buy
1751798548089509858,100.0443,6,sell
1751798548090005536,99.9492,88,sell
1751798548090502634,99.9709,43,sell
1751798548091004668,99.9892,86,buy
1751798548091501299,100.0902,71,sell
1751798548092005614,99.9797,86,buy
1751798548092505734,100.0715,36,sell
1751798548093003908,99.9782,86,buy
1751798548093505005,100.0865,54,buy
1751798548094007698,100.0712,22,sell
1751798548094502762,99.9004,94,buy
1751798548095007736,100.0654,71,buy
1751798548095506879,99.9463,41,buy
1751798548096007280,99.9538,67,buy
1751798548096506216,100.0837,67,sell
1751798548097003118,99.9564,71,buy
1751798548097510062,100.0062,77,sell
1751798548098002373,99.9604,16,buy
1751798548098507612,99.9016,8,buy
1751798548099002037,100.0743,30,sell
1751798548099508649,100.0451,97,sell
1751798548100009050,100.0603,19,sell
1751798548100504131,100.0752,17,buy
1751798548101004591,100.0635,80,buy
1751798548101508507,99.992,26,buy
1751798548102001577,99.9987,2,sell
1751798548102504682,100.065,69,buy
1751798548103001770,100.0865,71,buy
1751798548103508141,100.0877,85,sell
1751798548104007959,100.0191,54,buy
1751798548104504825,100.0309,84,buy
1751798548105006104,99.9648,29,sell
1751798548105507682,99.9211,37,buy
1751798548106004164,99.9624,73,sell
1751798548106506210,100.0822,98,sell
1751798548107005897,99.9888,68,sell
1751798548107508788,99.954,77,sell
1751798548108005214,99.935,65,buy
1751798548108507228,99.9291,96,sell
1751798548109003292,100.0824,36,buy
1751798548109505301,99.9985,22,buy
1751798548110009565,99.9637,27,buy
1751798548110508993,99.9701,45,sell
1751798548111005952,99.9872,6,sell
1751798548111501065,99.9879,7,buy
1751798548112002188,99.9533,40,sell
1751798548112509528,99.9539,80,buy
1751798548113001587,100.0009,70,sell
1751798548113502042,99.9902,51,sell
1751798548114002084,99.9524,70,buy
1751798548114501859,99.9198,50,buy
1751798548115003634,100.0725,59,buy
1751798548115507693,99.9653,73,sell
1751798548116007732,100.0339,18,buy
1751798548116509645,99.9521,95,buy
1751798548117004848,99.9881,69,buy
1751798548117508106,100.0481,83,buy
1751798548118004999,100.0965,48,sell
1751798548118509811,100.0091,7,buy
1751798548119001552,100.0632,50,sell
1751798548119502883,100.0031,62,sell
1751798548120002267,99.9432,96,buy
1751798548120505447,100.0376,9,sell
1751798548121005163,99.9796,34,sell
1751798548121503406,100.0411,75,sell
1751798548122006223,100.0462,57,sell
1751798548122509022,99.9792,13,buy
1751798548123002661,100.0041,65,buy
1751798548123501092,99.9564,71,sell
1751798548124005912,99.9572,2,sell
1751798548124507377,99.9778,3,sell
1751798548125006346,99.963,62,buy
1751798548125508159,99.9223,98,buy
1751798548126003768,100.0183,63,buy
1751798548126509301,99.9971,94,buy
1751798548127004881,99.9133,47,buy
1751798548127505287,99.9136,6,buy
1751798548128007508,100.006,22,buy
1751798548128505885,100.0031,99,buy
1751798548129004120,99.9077,7,sell
1751798548129501422,100.0473,35,buy
1751798548130006701,100.0647,24,sell
1751798548130503579,100.0659,63,buy
1751798548131001641,100.0047,66,sell
1751798548131507397,99.9142,42,sell
1751798548132008539,99.9136,26,sell
1751798548132508883,100.0237,38,buy
1751798548133008163,99.9101,70,buy
1751798548133508678,99.9463,77,buy
1751798548134009711,99.969,26,buy
1751798548134507712,99.9935,85,buy
1751798548135006186,100.0056,74,buy
1751798548135504789,100.065,98,sell
1751798548136009386,99.9722,48,sell
1751798548136509341,100.0928,33,buy
1751798548137003313,99.9161,51,sell
1751798548137501678,99.991,79,sell
1751798548138004719,99.9051,12,sell
1751798548138506721,99.9495,36,buy
1751798548139007635,99.9879,4,buy
1751798548139503634,100.0979,28,sell
1751798548140007373,99.9818,76,sell
1751798548140507149,100.0082,98,sell
1751798548141003329,100.0478,36,sell
1751798548141508561,100.0735,5,buy
1751798548142003303,99.9626,92,buy
1751798548142501814,99.9105,86,buy
1751798548143002464,99.9226,88,sell
1751798548143503975,100.0457,88,buy
1751798548144006702,100.0888,57,sell
1751798548144502984,99.9903,9,sell
1751798548145009466,99.9075,26,buy
1751798548145507665,99.9725,51,buy
1751798548146007278,100.0704,62,sell
1751798548146507550,99.9337,27,sell
1751798548147003660,100.0769,54,sell
1751798548147504406,99.9956,7,sell
1751798548148007933,99.9829,90,sell
1751798548148503750,99.9029,7,buy
1751798548149006559,99.9152,31,buy
1751798548149504070,99.9744,13,sell
1751798548150003588,100.061,52,sell
1751798548150509120,99.9232,15,sell
1751798548151003851,100.0862,95,sell
1751798548151508020,100.0498,71,buy
1751798548152006939,100.0171,52,sell
1751798548152509010,99.9406,5,buy
1751798548153008693,99.9185,36,buy
1751798548153504565,100.0149,65,sell
1751798548154002704,100.0739,27,sell
1751798548154502368,99.9723,60,buy
1751798548155008307,100.058,99,sell
1751798548155506813,99.9012,98,sell
1751798548156002558,100.0482,79,sell
1751798548156505749,99.9254,68,buy
1751798548157008349,99.9234,6,sell
1751798548157504921,100.0064,68,sell
1751798548158009254,100.0902,3,sell
1751798548158508184,100.0717,21,sell
1751798548159001439,100.0117,2,buy
1751798548159501992,99.9857,21,sell
1751798548160008789,99.9096,63,buy
1751798548160509850,100.0243,59,sell
1751798548161003258,100.0097,17,buy
1751798548161504009,99.9377,81,sell
1751798548162003736,100.0248,63,sell
1751798548162508133,100.0365,88,sell
1751798548163008946,100.0083,59,sell
1751798548163508698,100.0197,97,sell
1751798548164008458,100.0269,51,buy
1751798548164507271,100.0191,59,sell
1751798548165006805,100.0933,88,sell
1751798548165506555,99.9898,92,buy
1751798548166004752,100.0201,92,buy
1751798548166508103,100.0602,49,sell
1751798548167007685,99.9967,54,buy
1751798548167507143,99.9048,33,sell
1751798548168005318,99.9329,28,buy
1751798548168504052,100.0626,85,buy
1751798548169002607,99.9975,30,buy
1751798548169504109,100.0519,14,buy
1751798548170002408,100.0995,26,sell
1751798548170501145,99.9261,49,buy
1751798548171006615,100.0578,15,buy
1751798548171508642,100.0453,85,buy
1751798548172007210,99.9598,7,buy
1751798548172509641,99.9766,63,sell
1751798548173006848,100.0213,32,buy
1751798548173508223,100.0003,49,buy
1751798548174001830,99.9364,8,sell
1751798548174503971,100.0847,90,sell
1751798548175007176,100.0023,15,buy
1751798548175504034,100.0205,75,buy
1751798548176001770,100.0538,87,buy
1751798548176502247,99.947,18,buy
1751798548177006637,99.955,4,sell
1751798548177501303,99.982,17,sell
1751798548178001280,99.985,75,buy
1751798548178509345,99.9973,4,sell
1751798548179008432,99.914,60,sell
1751798548179502435,100.0187,13,buy
1751798548180007719,100.0329,69,sell
1751798548180502962,99.9502,55,buy
1751798548181004182,100.0692,74,buy
1751798548181506434,99.9676,72,buy
1751798548182006866,99.9186,96,buy
1751798548182505587,99.9028,40,buy
1751798548183008065,100.0637,59,sell
1751798548183507747,99.9048,93,buy
1751798548184008801,100.0976,19,sell
1751798548184502459,99.9891,77,sell
1751798548185009278,100.0858,97,sell
1751798548185506580,99.9138,69,buy
1751798548186007069,100.0175,18,sell
1751798548186508743,100.0593,2,sell
1751798548187003367,99.9266,78,sell
1751798548187502882,99.9019,11,sell
1751798548188002014,100.0726,50,buy
1751798548188507819,100.0085,47,sell
1751798548189009599,100.0011,86,buy
1751798548189504632,100.0423,65,buy
1751798548190001313,99.9868,85,buy
1751798548190506099,100.0578,85,buy
1751798548191006531,99.9182,39,buy
1751798548191509130,100.0263,6,sell
1751798548192001611,100.0969,60,sell
1751798548192503652,100.021,89,buy
1751798548193001659,100.0805,69,buy
1751798548193505680,100.0013,42,sell
1751798548194001317,100.0201,51,buy
1751798548194504120,99.9988,49,sell
1751798548195004214,99.9531,92,sell
1751798548195508761,100.0546,96,buy
1751798548196005452,99.9411,61,buy
1751798548196507802,100.0543,46,buy
1751798548197007745,100.0613,86,sell
1751798548197505365,99.9808,47,sell
1751798548198003513,100.0438,6,sell
1751798548198507447,100.0786,8,buy
1751798548199002824,99.9692,28,sell
1751798548199505413,100.0619,59,buy
1751798548200008923,100.0496,84,buy
1751798548200503410,99.9324,48,buy
1751798548201008578,100.0628,34,sell
1751798548201506934,100.0593,16,sell
1751798548202008601,99.9036,16,sell
1751798548202507493,99.9166,27,buy
1751798548203008666,99.9073,18,buy
1751798548203502135,99.9563,12,sell
1751798548204007050,99.9997,14,buy
1751798548204507458,100.0737,22,buy
1751798548205007003,99.9458,59,buy
1751798548205503282,100.0205,96,buy
1751798548206001974,99.9207,88,sell
1751798548206503668,99.9154,51,sell
1751798548207005236,99.9771,17,buy
1751798548207509193,99.9531,13,sell
1751798548208007374,99.9702,50,buy
1751798548208507922,99.9643,45,buy
1751798548209004710,99.9203,5,buy
1751798548209507656,99.9087,38,buy
1751798548210005910,100.0979,36,sell
1751798548210507980,99.961,5,buy
1751798548211002779,99.9824,3,sell
1751798548211509113,100.032,96,sell
1751798548212002239,99.9371,31,sell
1751798548212503426,100.0382,73,buy
1751798548213001267,99.9212,46,buy
1751798548213508762,100.0807,32,sell
1751798548214003932,99.9063,91,buy
1751798548214506991,99.9327,40,sell
1751798548215007116,100.0976,82,sell
1751798548215509596,99.9069,83,sell
1751798548216003865,100.0429,29,buy
1751798548216502718,99.9548,7,buy
1751798548217002285,100.0103,45,buy
1751798548217503931,99.9592,95,buy
1751798548218006723,99.9221,80,buy
1751798548218503422,99.9313,83,sell
1751798548219006194,99.9452,50,sell
1751798548219503807,100.0456,34,buy
1751798548220002016,100.0287,51,sell
1751798548220502394,100.0681,61,buy
1751798548221006036,99.9696,83,sell
1751798548221505399,100.0518,28,buy
1751798548222007801,100.0857,90,buy
1751798548222506634,100.0267,17,sell
1751798548223009116,100.0925,45,buy
1751798548223504304,100.0233,42,sell
1751798548224005522,100.0256,52,sell
1751798548224501229,100.0483,31,buy
1751798548225005068,100.0963,88,sell
1751798548225509870,99.9837,74,buy
1751798548226001817,99.9786,38,buy
1751798548226505525,100.0855,99,sell
1751798548227005391,99.9354,63,sell
1751798548227506392,99.926,90,buy
1751798548228002098,100.0366,40,buy
1751798548228502214,100.0559,33,buy
1751798548229001956,100.0652,36,sell
1751798548229508026,100.0759,30,buy
1751798548230003635,99.9857,25,sell
1751798548230508691,99.9762,24,sell
1751798548231006871,100.0543,16,buy
1751798548231504455,100.0638,69,sell
1751798548232001233,100.0387,38,buy
1751798548232507954,100.0644,18,sell
1751798548233009072,100.0301,84,buy
1751798548233508529,99.9358,2,buy
1751798548234007129,100.0861,36,buy
1751798548234501919,99.9675,8,buy
1751798548235003388,99.9769,73,sell
1751798548235505326,99.9442,54,sell
1751798548236006868,99.9041,36,sell
1751798548236506587,100.0144,84,sell
1751798548237004190,100.089,78,buy
1751798548237503031,99.9473,16,sell
1751798548238001355,100.033,20,buy
1751798548238504486,99.9568,8,buy
1751798548239008585,99.9142,78,buy
1751798548239501996,100.054,58,sell
1751798548240009697,99.921,34,sell
1751798548240506559,100.094,57,buy
1751798548241003586,100.0135,23,sell
1751798548241506479,99.9247,44,sell
1751798548242002224,100.0465,72,sell
1751798548242508912,100.0688,70,sell
1751798548243006292,100.0276,9,sell
1751798548243504445,100.0718,39,buy
1751798548244006663,100.0537,57,sell
1751798548244508942,99.9436,48,buy
1751798548245001483,100.092,31,buy
1751798548245504728,99.9431,36,sell
1751798548246004548,99.9934,9,sell
1751798548246506836,100.0078,46,sell
1751798548247008204,99.9556,56,sell
1751798548247508987,100.0074,69,buy
1751798548248002341,100.0544,8,buy
1751798548248501221,100.0945,98,buy
1751798548249005000,99.98,9,sell
1751798548249507981,99.9825,41,buy
1751798548250002260,100.0081,52,sell
1751798548250506100,100.0412,95,sell
1751798548251003044,100.0937,64,buy
1751798548251504382,99.9273,79,sell
1751798548252006765,100.0152,40,sell
1751798548252503726,99.9487,1,sell
1751798548253004935,100.0973,91,buy
1751798548253503274,99.9315,52,sell
1751798548254006518,100.0284,70,buy
1751798548254509417,100.0065,14,sell
1751798548255002488,100.0935,75,sell
1751798548255504932,99.9786,47,buy
1751798548256004902,99.9844,74,sell
1751798548256505145,100.0378,37,sell
1751798548257003892,99.9963,36,buy
1751798548257505981,100.0617,59,sell
1751798548258003946,100.098,71,sell
1751798548258503573,100.0368,52,sell
1751798548259005298,99.9959,20,buy
1751798548259504598,99.9894,25,sell
1751798548260009954,100.0034,81,buy
1751798548260501172,100.0476,82,sell
1751798548261009543,99.932,45,buy
1751798548261501281,100.0024,35,sell
1751798548262007871,100.0336,90,buy
1751798548262509413,100.0661,73,sell
1751798548263007733,99.9293,52,buy
1751798548263504705,99.9987,92,sell
1751798548264008751,100.0983,46,sell
1751798548264504228,99.9506,58,buy
1751798548265008693,99.9979,21,buy
1751798548265507414,100.0057,40,buy
1751798548266009457,100.0219,28,buy
1751798548266503537,100.0221,35,sell
1751798548267006619,100.0793,72,sell
1751798548267508073,99.9795,48,buy
1751798548268001642,99.9302,8,buy
1751798548268508574,100.0608,98,sell
1751798548269010039,100.022,66,buy
1751798548269504301,100.0747,21,sell
1751798548270010008,100.0319,5,sell
1751798548270501125,100.0427,4,sell
1751798548271007238,99.9572,58,sell
1751798548271504117,99.9412,46,buy
1751798548272004365,100.0541,12,buy
1751798548272506061,99.9426,39,buy
1751798548273007666,99.9872,5,buy
1751798548273506886,99.9603,32,sell
1751798548274004047,99.9111,7,buy
1751798548274506965,99.9843,22,sell
1751798548275006600,99.9465,49,buy
1751798548275509051,99.9609,55,buy
1751798548276003262,100.0185,22,buy
1751798548276504829,99.9539,38,sell
1751798548277004270,99.9269,54,buy
1751798548277508417,100.0091,75,buy
1751798548278007318,100.0394,86,buy
1751798548278503778,99.9435,21,sell
1751798548279004462,100.0157,88,buy
1751798548279505844,99.9595,77,sell
1751798548280009396,99.9153,57,sell
1751798548280502164,99.9288,7,buy
1751798548281002747,100.0687,44,sell
1751798548281508042,99.9721,10,buy
1751798548282004182,100.0767,43,sell
1751798548282509245,99.9578,80,sell
1751798548283002624,99.9026,32,sell
1751798548283508683,100.0643,39,sell
1751798548284007458,99.9153,22,sell
1751798548284501765,100.0217,52,buy
1751798548285007734,99.958,63,sell
1751798548285506812,100.0631,44,buy
1751798548286002039,99.9489,14,buy
1751798548286508485,100.0667,27,sell
1751798548287001593,99.9305,69,buy
1751798548287508293,99.9754,96,buy
1751798548288002639,100.0269,97,buy
1751798548288508848,99.9324,3,sell
1751798548289004591,99.955,8,buy
1751798548289506038,100.0176,37,sell
1751798548290002308,100.0309,52,buy
1751798548290501395,99.9975,48,sell
1751798548291005911,99.9487,41,sell
1751798548291502704,100.0708,24,sell
1751798548292004457,99.995,15,sell
1751798548292502140,100.0126,75,sell
1751798548293007623,99.9208,21,sell
1751798548293501395,99.9846,40,buy
1751798548294007721,99.9394,80,sell
1751798548294506238,100.0393,19,sell
1751798548295003781,100.039,47,sell
1751798548295508458,100.0136,14,sell
1751798548296008991,99.9199,46,sell
1751798548296509207,99.9701,80,buy
1751798548297007617,100.0225,2,buy
1751798548297509931,99.931,99,buy
1751798548298004012,99.9636,98,sell
1751798548298502644,99.9917,80,buy
1751798548299005764,100.0495,85,sell
1751798548299506320,100.0549,71,buy
1751798548300004229,99.943,41,buy
1751798548300504159,100.0652,2,buy
1751798548301001510,99.9497,42,sell
1751798548301502210,100.015,90,sell
1751798548302007718,100.0513,88,sell
1751798548302503590,100.0083,97,buy
1751798548303001161,99.9942,60,sell
1751798548303508321,99.9161,18,buy
1751798548304007828,99.904,92,buy
1751798548304506750,100.0397,48,buy
1751798548305001738,99.9247,39,buy
1751798548305508171,99.9101,93,buy
1751798548306001604,100.0885,34,sell
1751798548306505383,99.9576,33,sell
1751798548307005278,100.0325,77,sell
1751798548307502904,99.9977,2,buy
1751798548308009638,99.9959,75,buy
1751798548308504679,99.9064,50,buy
1751798548309001901,100.0212,99,sell
1751798548309506660,99.9533,74,buy
1751798548310002156,100.081,55,sell
1751798548310505836,99.9018,69,buy
1751798548311009179,100.0395,96,sell
1751798548311508657,100.0316,96,buy
1751798548312007291,99.9286,29,buy
1751798548312501504,99.9129,71,buy
1751798548313004330,99.9194,10,sell
1751798548313502421,99.9912,42,sell
1751798548314004937,99.9821,37,buy
1751798548314506083,99.9013,48,sell
1751798548315005231,99.9909,92,sell
1751798548315503360,100.0326,34,sell
1751798548316009191,100.078,70,sell
1751798548316508663,100.077,33,buy
1751798548317002779,100.0488,15,sell
1751798548317508765,100.049,2,buy
1751798548318003639,99.9354,76,sell
1751798548318502779,99.9877,35,buy
1751798548319005011,100.0565,62,buy
1751798548319503177,99.9258,20,sell
1751798548320006824,99.9513,72,sell
1751798548320502511,100.0829,33,buy
1751798548321001371,100.0429,74,sell
1751798548321503058,99.9406,91,sell
1751798548322005186,100.0167,79,buy
1751798548322507757,99.9853,71,buy
1751798548323010043,100.0073,97,buy
1751798548323509001,99.9471,34,sell
1751798548324005431,99.9504,78,sell
1751798548324508023,99.9452,41,sell
1751798548325008162,99.9676,78,sell
1751798548325509994,100.0038,97,buy
1751798548326003561,99.9638,68,sell
1751798548326505763,100.0086,58,sell
1751798548327007346,99.9972,27,buy
1751798548327501439,99.9282,34,buy
1751798548328004687,100.076,58,sell
1751798548328502047,99.9191,27,buy
1751798548329001827,100.0998,48,sell
1751798548329505773,100.0195,9,sell
1751798548330003179,99.9371,43,buy
1751798548330506233,99.9499,22,buy
1751798548331004565,99.9312,89,sell
1751798548331502625,100.0188,97,sell
1751798548332003587,99.9896,52,buy
1751798548332505436,99.9384,86,sell
1751798548333009637,99.9987,8,buy
1751798548333503817,100.0918,37,buy
1751798548334002079,100.0264,81,buy
1751798548334502519,100.0996,61,buy
1751798548335004765,99.9826,45,sell
1751798548335501570,99.9705,93,sell
1751798548336001095,99.945,94,buy
1751798548336506217,100.0262,28,sell
1751798548337009794,100.0635,21,buy
1751798548337505926,99.9168,84,sell
1751798548338005373,99.9065,75,sell
1751798548338505991,100.0198,88,sell
1751798548339002461,100.0058,65,sell
1751798548339502171,99.9345,55,sell
1751798548340006159,100.0266,17,sell
1751798548340501296,99.9953,69,sell
1751798548341004270,100.0588,66,buy
1751798548341506982,99.9786,5,buy
1751798548342010025,99.9152,56,sell
1751798548342507967,99.9278,79,buy
